/*
Navicat MySQL Data Transfer

Source Server         : linsheng24
Source Server Version : 50720
Source Host           : localhost:3306
Source Database       : library

Target Server Type    : MYSQL
Target Server Version : 50720
File Encoding         : 65001

Date: 2018-06-07 16:21:14
*/

SET FOREIGN_KEY_CHECKS=0;

-- ----------------------------
-- Table structure for book
-- ----------------------------
DROP TABLE IF EXISTS `book`;
CREATE TABLE `book` (
  `systemId` bigint(20) unsigned NOT NULL DEFAULT '0',
  `BookId` varchar(50) DEFAULT NULL,
  `Title` varchar(255) DEFAULT NULL,
  `PublisherName` varchar(255) DEFAULT NULL,
  PRIMARY KEY (`systemId`),
  KEY `BookId` (`BookId`),
  KEY `relate_pub1` (`PublisherName`),
  CONSTRAINT `relate_pub1` FOREIGN KEY (`PublisherName`) REFERENCES `publisher` (`Name`)
) ENGINE=InnoDB DEFAULT CHARSET=utf8;

-- ----------------------------
-- Records of book
-- ----------------------------
INSERT INTO `book` VALUES ('2018060600000000001', 'ISBN 0-321-41442-X', 'Fundamentals of Database Systems, 4th ed.', 'Addison Wesley');
INSERT INTO `book` VALUES ('2018060600000000002', 'ISBN 0-321-41502-X', 'Fundamentals of Database Systems, 5th ed.', 'Addison Wesley');
INSERT INTO `book` VALUES ('2018060600000000003', 'ISBN 0-321-42724-7', 'Fundamentals of Database Systems, 6th ed.', 'Addison Wesley');
INSERT INTO `book` VALUES ('2018060600000000004', 'ISBN 0-07-112268-0', 'Database System Concepts, 4th ed.', 'McGraw Hill');
INSERT INTO `book` VALUES ('2018060600000000005', 'ISBN 0-13-0885212-0', 'Database Processing - Fundamentals, Design & Implementation, 7th ed.', 'Prentice Hall');
INSERT INTO `book` VALUES ('2018060600000000006', 'ISBN 0-321-62335-5', 'Linear Algebra and Its Applications, 4th ed.', 'Pearson');
INSERT INTO `book` VALUES ('2018060600000000007', 'ISBN 0-13-512867-6', 'Linear Algebra with Applications, 8th ed.', 'Pearson');
INSERT INTO `book` VALUES ('2018060600000000008', 'ISBN 0-13-03221-0', 'Computer Organization and Architecture. 6th ed.', 'Prentice Hall');
INSERT INTO `book` VALUES ('2018060600000000009', 'ISBN 0-13-201750-4', 'Computer Organization and Architecture. 7th ed.', 'Prentice Hall');
INSERT INTO `book` VALUES ('2018060600000000010', 'ISBN 0-13-506417-1', 'Computer Organization and Architecture. 8th ed.', 'Prentice Hall');
INSERT INTO `book` VALUES ('2018060600000000011', 'ISBN 981-4024-58-9', 'Structured Computer Organization, 4th ed.', 'Prentice Hall');
INSERT INTO `book` VALUES ('2018060600000000012', 'ISBN 1-55860-491-X', 'Computer Organization & Design, 2nd ed.', 'Morgan Kaufmann');
INSERT INTO `book` VALUES ('2018060600000000013', 'ISBN 981-2592-17-2', 'Computer Organization & Design, 3rd ed.', 'Morgan Kaufmann');
INSERT INTO `book` VALUES ('2018060600000000014', 'ISBN 0-321-31252-X', 'Interactive Computer Graphics: A Top-Down Approach Using OpenGL', 'Addison Wesley');
INSERT INTO `book` VALUES ('2018060600000000015', 'ISBN 0-89006-206-4', 'Priciples of Electromagnetic Compatibility ', 'Keiser');
INSERT INTO `book` VALUES ('2018060600000000016', 'ISBN 0-471-85068-3', 'Noise Reduction Techniques in Electronic Systems', 'Wiley Interscience');
INSERT INTO `book` VALUES ('2018060600000000017', 'ISBN 0-7803-1131-0', 'Printed Circuit Board Design Techniques for EMC Compliance', 'IEEE Press');
INSERT INTO `book` VALUES ('2018060600000000018', 'ISBN 0-07-136097-2', 'Master Handbook of Acoustics, 4th ed.', 'McGraw Hill');
INSERT INTO `book` VALUES ('2018060600000000019', 'ISBN 0-8306-8710-6', 'Secret of RF Circuit Design', 'McGraw Hill');
INSERT INTO `book` VALUES ('2018060600000000020', 'ISBN 0-87942-274-2', 'Subscriber Loop Signaling and Transmission Handbook: Analog', 'IEEE Press');
INSERT INTO `book` VALUES ('2018060600000000021', 'ISBN 1-55860-369-7', 'Digital Compression for Multimedia', 'Morgan Kaufmann');
INSERT INTO `book` VALUES ('2018060600000000022', 'ISBN 1-4020-7357-7', 'Introduction to Digital Audio Coding and Standards', 'Kluwer Academic Publishers');
INSERT INTO `book` VALUES ('2018060600000000023', 'ISBM 0-471-85894-3', 'Digital Audio Broadcasting: Priciples and Applications', 'John Wiley & Sons');
INSERT INTO `book` VALUES ('2018060600000000024', 'ISBM 0-07-137590-2', 'Data Broadcasting - Understanding the ATSC Data Broadcast Standard', 'McGraw Hill');
INSERT INTO `book` VALUES ('2018060600000000025', 'ISBN 0-201-63467-8', 'Understanding Digital Signal Processing', 'Prentice Hall');
INSERT INTO `book` VALUES ('2018060600000000026', 'ISBN 0-201-64859-8', 'Computer System Architecture - A Network Approach', 'Addison Wesley');
INSERT INTO `book` VALUES ('2018060600000000027', 'ISBN 0-13-0885212-0', 'Priciple of Digital Audio', 'McGraw Hill');
INSERT INTO `book` VALUES ('2018060600000000028', 'ISBN 0-672-32157-2', 'OFDN Wireless LANs: A Theoretical and Practical Guide', 'SAMS');
INSERT INTO `book` VALUES ('2018060600000000029', 'ISBN 0-471-93976-5', 'Multirate Digital Signal Processing', 'John Wiley & Sons');
INSERT INTO `book` VALUES ('2018060600000000030', 'ISBN 0-8053-1684-1', 'A Digital Signal Processing Primer', 'Addison Wesley');
INSERT INTO `book` VALUES ('2018060600000000031', 'ISBN 1-55860-343-3', 'Parallel Computer Architecture', 'Morgan Kaufmann');
INSERT INTO `book` VALUES ('2018060600000000032', 'ISBN 0-201-61599-1', 'Authentication - From Passwords to Public Keys', 'Addison Wesley');
INSERT INTO `book` VALUES ('2018060600000000033', 'ISBN 1-55860-466-9', 'Audio Signal Processing and Coding ', 'Wiley Interscience');
INSERT INTO `book` VALUES ('2018060600000000034', 'ISBN 978-0-471-79147-8', 'Multimedia Database Systems ', 'Morgan Kaufmann');
INSERT INTO `book` VALUES ('2018060600000000035', 'ISBN 0-87337-075-9', 'Patent Iy Yourself', 'Nolo Press');
INSERT INTO `book` VALUES ('2018060600000000036', 'ISBN 978-986-6996-72-6', '漢代風雲人物', '馥林文化');
INSERT INTO `book` VALUES ('2018060600000000037', 'ISBN 978-957-08-3281-5', '漢武帝 - 王立群讀「史記」', '聯經');
INSERT INTO `book` VALUES ('2018060600000000038', 'ISBN 978-986-6137-06-8', '曹操秘史 第一部 ', '人類智庫');
INSERT INTO `book` VALUES ('2018060600000000039', 'ISBN 978-986-6137-08-2', '曹操秘史 第二部', '人類智庫');
INSERT INTO `book` VALUES ('2018060600000000040', 'ISBN 978-986-6137-09-9', '曹操秘史 第三部', '人類智庫');
INSERT INTO `book` VALUES ('2018060600000000041', 'ISBN 978-957-32-6244-2', '領導決斷學', '遠流');
INSERT INTO `book` VALUES ('2018060600000000042', 'ISBN 978-986-7881-86-1', '圖解羅馬帝國 ', '易博士');
INSERT INTO `book` VALUES ('2018060600000000043', 'ISBN 962-8885-56-1', '復活的軍團 - 秦軍秘史', '中華書局');
INSERT INTO `book` VALUES ('2018060600000000044', 'ISBN 978-986-173-524-5', '秦始皇 上部', '麥田出版');
INSERT INTO `book` VALUES ('2018060600000000045', 'ISBN 978-986-173-525-2', '秦始皇 下部', '麥田出版');
INSERT INTO `book` VALUES ('2018060600000000046', 'ISBN 978-957-32-6637-2', '長城往事 ', '遠流');
INSERT INTO `book` VALUES ('2018060600000000047', 'ISBN 978-986-120-576-2', '劉備不是傳說', '麥田出版');
INSERT INTO `book` VALUES ('2018060600000000048', 'ISBN 978-986-7103-09-2', '孫子兵法 ', '漢宇國際');
INSERT INTO `book` VALUES ('2018060600000000049', 'ISBN 978-957-455-827-4', '孫子兵法', '好讀出版');
INSERT INTO `book` VALUES ('2018060600000000050', 'ISBN 978-986-85311-7-8', '消失的神秘王朝', '華滋出版');
INSERT INTO `book` VALUES ('2018060600000000051', 'ISBN 978-986-6723-44-5', '1683維也納', '左岸歷史');
INSERT INTO `book` VALUES ('2018060600000000052', 'ISBN 978-986-6118-24-1', '劉邦 大風歌 上', '本事文化');
INSERT INTO `book` VALUES ('2018060600000000053', 'ISBN 978-986-6118-24-2', '劉邦 大風歌 下     ', '本事文化');
INSERT INTO `book` VALUES ('2018060600000000054', 'ISBN 978-986-241-126-1', '雲端戰略', '天下');
INSERT INTO `book` VALUES ('2018060600000000055', 'ISBN 978-986-417-774-5', '長尾理論 ', '天下');
INSERT INTO `book` VALUES ('2018060600000000056', 'ISBN 978-986-417-535-1', '藍海策略', '天下');
INSERT INTO `book` VALUES ('2018060600000000057', 'ISBN 978-986-272-119-3', '大蕭條 ', '商周出版');
INSERT INTO `book` VALUES ('2018060600000000058', 'ISBN 978-957-32-6981-6', '據實側寫蕭萬長 ', '遠流');
INSERT INTO `book` VALUES ('2018060600000000059', 'ISBN 978-986-241-490-3', '微笑的力量 - 蕭萬長公職之路五十年 ', '天下');
INSERT INTO `book` VALUES ('2018060600000000060', 'ISBN 978-986-216-402-0', '台灣，請聽我說', '遠見天下文化');
INSERT INTO `book` VALUES ('2018060600000000061', 'ISBN 978-986-417-775-2', '萬物簡史 I ', '遠見天下文化');
INSERT INTO `book` VALUES ('2018060600000000062', 'ISBN 978-986-417-776-9', '萬物簡史 II', '遠見天下文化');
INSERT INTO `book` VALUES ('2018060600000000063', 'ISBN 978-986-417-777-6', '萬物簡史 III', '遠見天下文化');
INSERT INTO `book` VALUES ('2018060600000000064', 'ISBN 978-986-417-788-3', '萬物簡史 IV', '遠見天下文化');

-- ----------------------------
-- Table structure for book_authors
-- ----------------------------
DROP TABLE IF EXISTS `book_authors`;
CREATE TABLE `book_authors` (
  `BookId` varchar(50) NOT NULL DEFAULT '',
  `AuthorName` varchar(255) DEFAULT NULL,
  `systemId` bigint(20) NOT NULL DEFAULT '0',
  PRIMARY KEY (`systemId`),
  KEY `relate_book1` (`BookId`),
  CONSTRAINT `relate_book1` FOREIGN KEY (`BookId`) REFERENCES `book` (`BookId`)
) ENGINE=InnoDB DEFAULT CHARSET=utf8;

-- ----------------------------
-- Records of book_authors
-- ----------------------------
INSERT INTO `book_authors` VALUES ('ISBN 0-321-41442-X', 'R. Elmasri', '2018060600000000001');
INSERT INTO `book_authors` VALUES ('ISBN 0-321-41442-X', 'S.B. Navathe', '2018060600000000002');
INSERT INTO `book_authors` VALUES ('ISBN 0-321-41502-X', 'R. Elmasri', '2018060600000000003');
INSERT INTO `book_authors` VALUES ('ISBN 0-321-41502-X', 'S.B. Navathe', '2018060600000000004');
INSERT INTO `book_authors` VALUES ('ISBN 0-321-42724-7', 'R. Elmasri', '2018060600000000005');
INSERT INTO `book_authors` VALUES ('ISBN 0-321-42724-7', 'S.B. Navathe', '2018060600000000006');
INSERT INTO `book_authors` VALUES ('ISBN 0-07-112268-0', 'A. Silberschatz', '2018060600000000007');
INSERT INTO `book_authors` VALUES ('ISBN 0-07-112268-0', 'H.F. Korth', '2018060600000000008');
INSERT INTO `book_authors` VALUES ('ISBN 0-07-112268-0', 'S. Sudarshan', '2018060600000000009');
INSERT INTO `book_authors` VALUES ('ISBN 0-13-0885212-0', 'D.M. Kroenke', '2018060600000000010');
INSERT INTO `book_authors` VALUES ('ISBN 0-321-62335-5', 'D.C. Lay', '2018060600000000011');
INSERT INTO `book_authors` VALUES ('ISBN 0-13-512867-6', 'S.J. Leon', '2018060600000000012');
INSERT INTO `book_authors` VALUES ('ISBN 0-13-03221-0', 'W. Stallings', '2018060600000000013');
INSERT INTO `book_authors` VALUES ('ISBN 0-13-201750-4', 'W. Stallings', '2018060600000000014');
INSERT INTO `book_authors` VALUES ('ISBN 0-13-506417-1', 'W. Stallings', '2018060600000000015');
INSERT INTO `book_authors` VALUES ('ISBN 981-4024-58-9', 'A.S. Tanenbaum', '2018060600000000016');
INSERT INTO `book_authors` VALUES ('ISBN 1-55860-491-X', 'D.A. Patterson', '2018060600000000017');
INSERT INTO `book_authors` VALUES ('ISBN 1-55860-491-X', 'J.L. Hennessy', '2018060600000000018');
INSERT INTO `book_authors` VALUES ('ISBN 981-2592-17-2', 'D.A. Patterson', '2018060600000000019');
INSERT INTO `book_authors` VALUES ('ISBN 981-2592-17-2', 'J.L. Hennessy', '2018060600000000020');
INSERT INTO `book_authors` VALUES ('ISBN 0-321-31252-X', 'E. Angel', '2018060600000000021');
INSERT INTO `book_authors` VALUES ('ISBN 0-89006-206-4', 'B. Keiser', '2018060600000000022');
INSERT INTO `book_authors` VALUES ('ISBN 0-471-85068-3', 'H.W. Ott', '2018060600000000023');
INSERT INTO `book_authors` VALUES ('ISBN 0-7803-1131-0', 'R.J. Herrick', '2018060600000000024');
INSERT INTO `book_authors` VALUES ('ISBN 0-8306-8710-6', 'J.J. Carr', '2018060600000000025');
INSERT INTO `book_authors` VALUES ('ISBN 0-87942-274-2', 'W.D. Reeve', '2018060600000000026');
INSERT INTO `book_authors` VALUES ('ISBN 1-55860-369-7', 'J.D. Gibson', '2018060600000000027');
INSERT INTO `book_authors` VALUES ('ISBN 1-55860-369-7', 'T. Berger', '2018060600000000028');
INSERT INTO `book_authors` VALUES ('ISBN 1-55860-369-7', 'T. Lookabaugh', '2018060600000000029');
INSERT INTO `book_authors` VALUES ('ISBN 1-55860-369-7', 'D. Lindbergh', '2018060600000000030');
INSERT INTO `book_authors` VALUES ('ISBN 1-55860-369-7', 'R.L. Baker', '2018060600000000031');
INSERT INTO `book_authors` VALUES ('ISBN 1-4020-7357-7', 'M. Bosi', '2018060600000000032');
INSERT INTO `book_authors` VALUES ('ISBN 1-4020-7357-7', 'R.E. Goldberg', '2018060600000000033');
INSERT INTO `book_authors` VALUES ('ISBN 0-7803-1131-0', 'F.A. Everest', '2018060600000000034');
INSERT INTO `book_authors` VALUES ('ISBM 0-471-85894-3', 'W. Hoeg', '2018060600000000035');
INSERT INTO `book_authors` VALUES ('ISBM 0-471-85894-3', 'T. Lauterbach', '2018060600000000036');
INSERT INTO `book_authors` VALUES ('ISBM 0-07-137590-2', 'R.S. Chernock', '2018060600000000037');
INSERT INTO `book_authors` VALUES ('ISBM 0-07-137590-2', 'R.J. Crinon', '2018060600000000038');
INSERT INTO `book_authors` VALUES ('ISBM 0-07-137590-2', 'M.A. Dolan', '2018060600000000039');
INSERT INTO `book_authors` VALUES ('ISBM 0-07-137590-2', 'J.R. Mick Jr.', '2018060600000000040');
INSERT INTO `book_authors` VALUES ('ISBN 0-201-63467-8', 'R.G. Lyons', '2018060600000000041');
INSERT INTO `book_authors` VALUES ('ISBN 0-201-64859-8', 'Rob Williams', '2018060600000000042');
INSERT INTO `book_authors` VALUES ('ISBN 0-672-32157-2', 'Juha Heiskala', '2018060600000000043');
INSERT INTO `book_authors` VALUES ('ISBN 0-672-32157-2', 'John Terry', '2018060600000000044');
INSERT INTO `book_authors` VALUES ('ISBN 0-87337-075-9', 'D. Pressman', '2018060600000000045');
INSERT INTO `book_authors` VALUES ('ISBN 0-471-93976-5', 'N.J. Fliege', '2018060600000000046');
INSERT INTO `book_authors` VALUES ('ISBN 0-8053-1684-1', 'K Steiglitz', '2018060600000000047');
INSERT INTO `book_authors` VALUES ('ISBN 1-55860-343-3', 'D. Culler', '2018060600000000048');
INSERT INTO `book_authors` VALUES ('ISBN 1-55860-343-3', 'J. Pal Singh', '2018060600000000049');
INSERT INTO `book_authors` VALUES ('ISBN 0-201-61599-1', 'R. Smith', '2018060600000000050');
INSERT INTO `book_authors` VALUES ('ISBN 1-55860-466-9', 'A. Spanias', '2018060600000000051');
INSERT INTO `book_authors` VALUES ('ISBN 1-55860-466-9', 'T. Painter', '2018060600000000052');
INSERT INTO `book_authors` VALUES ('ISBN 1-55860-466-9', 'M. Venkatraman', '2018060600000000053');
INSERT INTO `book_authors` VALUES ('ISBN 978-0-471-79147-8', 'V.S. Subrahmanian', '2018060600000000054');
INSERT INTO `book_authors` VALUES ('ISBN 978-986-6996-72-6', '易中天', '2018060600000000055');
INSERT INTO `book_authors` VALUES ('ISBN 978-957-08-3281-5', '王立群', '2018060600000000056');
INSERT INTO `book_authors` VALUES ('ISBN 978-986-6137-06-8', '南門太守', '2018060600000000057');
INSERT INTO `book_authors` VALUES ('ISBN 978-986-6137-08-2', '南門太守', '2018060600000000058');
INSERT INTO `book_authors` VALUES ('ISBN 978-986-6137-09-9', '南門太守', '2018060600000000059');
INSERT INTO `book_authors` VALUES ('ISBN 978-957-32-6244-2', '小和田哲男', '2018060600000000060');
INSERT INTO `book_authors` VALUES ('ISBN 978-986-7881-86-1', '阪本浩', '2018060600000000061');
INSERT INTO `book_authors` VALUES ('ISBN 962-8885-56-1', '金鐵木', '2018060600000000062');
INSERT INTO `book_authors` VALUES ('ISBN 978-986-173-524-5', '王立群', '2018060600000000063');
INSERT INTO `book_authors` VALUES ('ISBN 978-986-173-525-2', '王立群', '2018060600000000064');
INSERT INTO `book_authors` VALUES ('ISBN 978-957-32-6637-2', '李守中', '2018060600000000065');
INSERT INTO `book_authors` VALUES ('ISBN 978-986-120-576-2', '劍眉枉凝', '2018060600000000066');
INSERT INTO `book_authors` VALUES ('ISBN 978-986-7103-09-2', '沈傑', '2018060600000000067');
INSERT INTO `book_authors` VALUES ('ISBN 978-986-7103-09-2', '萬彤', '2018060600000000068');
INSERT INTO `book_authors` VALUES ('ISBN 978-957-455-827-4', '馬俊英', '2018060600000000069');
INSERT INTO `book_authors` VALUES ('ISBN 978-986-85311-7-8', '文裁縫', '2018060600000000070');
INSERT INTO `book_authors` VALUES ('ISBN 978-986-6723-44-5', '黃中憲', '2018060600000000071');
INSERT INTO `book_authors` VALUES ('ISBN 978-986-6118-24-1', '王立群', '2018060600000000072');
INSERT INTO `book_authors` VALUES ('ISBN 978-986-6118-24-2', '王立群', '2018060600000000073');
INSERT INTO `book_authors` VALUES ('ISBN 978-986-241-126-1', '陳瀅', '2018060600000000074');
INSERT INTO `book_authors` VALUES ('ISBN 978-986-417-774-5', '李明', '2018060600000000075');
INSERT INTO `book_authors` VALUES ('ISBN 978-986-417-774-5', '胡瑋珊', '2018060600000000076');
INSERT INTO `book_authors` VALUES ('ISBN 978-986-417-774-5', '楊美齡', '2018060600000000077');
INSERT INTO `book_authors` VALUES ('ISBN 978-986-417-535-1', '黃秀媛', '2018060600000000078');
INSERT INTO `book_authors` VALUES ('ISBN 978-986-272-119-3', '王怡棻', '2018060600000000079');
INSERT INTO `book_authors` VALUES ('ISBN 978-986-272-119-3', '陳儀', '2018060600000000080');
INSERT INTO `book_authors` VALUES ('ISBN 978-957-32-6981-6', '吳豐山', '2018060600000000081');
INSERT INTO `book_authors` VALUES ('ISBN 978-986-241-490-3', '蕭萬長', '2018060600000000082');
INSERT INTO `book_authors` VALUES ('ISBN 978-986-216-402-0', '吳錦勳', '2018060600000000083');
INSERT INTO `book_authors` VALUES ('ISBN 978-986-417-775-2', '師明睿', '2018060600000000084');
INSERT INTO `book_authors` VALUES ('ISBN 978-986-417-776-9', '師明睿', '2018060600000000085');
INSERT INTO `book_authors` VALUES ('ISBN 978-986-417-777-6', '師明睿', '2018060600000000086');
INSERT INTO `book_authors` VALUES ('ISBN 978-986-417-788-3', '師明睿', '2018060600000000087');

-- ----------------------------
-- Table structure for book_copies
-- ----------------------------
DROP TABLE IF EXISTS `book_copies`;
CREATE TABLE `book_copies` (
  `systemId` bigint(20) unsigned NOT NULL DEFAULT '0',
  `BookId` varchar(50) DEFAULT NULL,
  `BranchId` varchar(30) DEFAULT NULL,
  `No_Of_Copies` int(255) DEFAULT '1',
  PRIMARY KEY (`systemId`),
  KEY `relate_book2` (`BookId`),
  KEY `relate_branch1` (`BranchId`),
  CONSTRAINT `relate_book2` FOREIGN KEY (`BookId`) REFERENCES `book` (`BookId`),
  CONSTRAINT `relate_branch1` FOREIGN KEY (`BranchId`) REFERENCES `library_branch` (`BranchId`)
) ENGINE=InnoDB DEFAULT CHARSET=utf8;

-- ----------------------------
-- Records of book_copies
-- ----------------------------
INSERT INTO `book_copies` VALUES ('2018060600000000001', 'ISBN 0-321-41442-X', 'TPEL01', '7');
INSERT INTO `book_copies` VALUES ('2018060600000000002', 'ISBN 0-321-41442-X', 'TPEL02', '2');
INSERT INTO `book_copies` VALUES ('2018060600000000003', 'ISBN 0-321-41442-X', 'TPEL03', '2');
INSERT INTO `book_copies` VALUES ('2018060600000000004', 'ISBN 0-321-41442-X', 'TPEL04', '2');
INSERT INTO `book_copies` VALUES ('2018060600000000005', 'ISBN 0-321-41442-X', 'TPEL05', '2');
INSERT INTO `book_copies` VALUES ('2018060600000000006', 'ISBN 0-321-41442-X', 'TPEL06', '2');
INSERT INTO `book_copies` VALUES ('2018060600000000007', 'ISBN 0-321-41442-X', 'TPEL07', '2');
INSERT INTO `book_copies` VALUES ('2018060600000000008', 'ISBN 0-321-41502-X', 'TPEL01', '7');
INSERT INTO `book_copies` VALUES ('2018060600000000009', 'ISBN 0-321-41502-X', 'TPEL02', '2');
INSERT INTO `book_copies` VALUES ('2018060600000000010', 'ISBN 0-321-41502-X', 'TPEL03', '2');
INSERT INTO `book_copies` VALUES ('2018060600000000011', 'ISBN 0-321-41502-X', 'TPEL05', '2');
INSERT INTO `book_copies` VALUES ('2018060600000000012', 'ISBN 0-321-41502-X', 'TPEL07', '1');
INSERT INTO `book_copies` VALUES ('2018060600000000013', 'ISBN 0-321-41502-X', 'TPEL08', '1');
INSERT INTO `book_copies` VALUES ('2018060600000000014', 'ISBN 0-321-42724-7', 'TPEL01', '6');
INSERT INTO `book_copies` VALUES ('2018060600000000015', 'ISBN 0-321-42724-7', 'TPEL02', '1');
INSERT INTO `book_copies` VALUES ('2018060600000000016', 'ISBN 0-321-42724-7', 'TPEL04', '1');
INSERT INTO `book_copies` VALUES ('2018060600000000017', 'ISBN 0-321-42724-7', 'TPEL05', '1');
INSERT INTO `book_copies` VALUES ('2018060600000000018', 'ISBN 0-321-42724-7', 'TPEL06', '2');
INSERT INTO `book_copies` VALUES ('2018060600000000019', 'ISBN 0-07-112268-0', 'TPEL01', '3');
INSERT INTO `book_copies` VALUES ('2018060600000000020', 'ISBN 0-07-112268-0', 'TPEL04', '3');
INSERT INTO `book_copies` VALUES ('2018060600000000021', 'ISBN 0-07-112268-0', 'TPEL05', '3');
INSERT INTO `book_copies` VALUES ('2018060600000000022', 'ISBN 0-13-0885212-0', 'TPEL01', '6');
INSERT INTO `book_copies` VALUES ('2018060600000000023', 'ISBN 0-13-0885212-0', 'TPEL06', '3');
INSERT INTO `book_copies` VALUES ('2018060600000000024', 'ISBN 0-321-62335-5', 'TPEL01', '3');
INSERT INTO `book_copies` VALUES ('2018060600000000025', 'ISBN 0-321-62335-5', 'TPEL04', '2');
INSERT INTO `book_copies` VALUES ('2018060600000000026', 'ISBN 0-321-62335-5', 'TPEL05', '2');
INSERT INTO `book_copies` VALUES ('2018060600000000027', 'ISBN 0-321-62335-5', 'TPEL06', '2');
INSERT INTO `book_copies` VALUES ('2018060600000000028', 'ISBN 0-13-512867-6', 'TPEL01', '7');
INSERT INTO `book_copies` VALUES ('2018060600000000029', 'ISBN 0-13-512867-6', 'TPEL05', '5');
INSERT INTO `book_copies` VALUES ('2018060600000000030', 'ISBN 0-13-03221-0', 'TPEL01', '5');
INSERT INTO `book_copies` VALUES ('2018060600000000031', 'ISBN 0-13-201750-4', 'TPEL01', '6');
INSERT INTO `book_copies` VALUES ('2018060600000000032', 'ISBN 0-13-506417-1', 'TPEL01', '6');
INSERT INTO `book_copies` VALUES ('2018060600000000033', 'ISBN 0-13-506417-1', 'TPEL02', '3');
INSERT INTO `book_copies` VALUES ('2018060600000000034', 'ISBN 0-13-506417-1', 'TPEL03', '3');
INSERT INTO `book_copies` VALUES ('2018060600000000035', 'ISBN 0-13-506417-1', 'TPEL04', '3');
INSERT INTO `book_copies` VALUES ('2018060600000000036', 'ISBN 0-13-506417-1', 'TPEL06', '3');
INSERT INTO `book_copies` VALUES ('2018060600000000037', 'ISBN 981-4024-58-9', 'TPEL01', '5');
INSERT INTO `book_copies` VALUES ('2018060600000000038', 'ISBN 981-4024-58-9', 'TPEL02', '2');
INSERT INTO `book_copies` VALUES ('2018060600000000039', 'ISBN 981-4024-58-9', 'TPEL06', '2');
INSERT INTO `book_copies` VALUES ('2018060600000000040', 'ISBN 1-55860-491-X', 'TPEL01', '5');
INSERT INTO `book_copies` VALUES ('2018060600000000041', 'ISBN 981-2592-17-2', 'TPEL01', '2');
INSERT INTO `book_copies` VALUES ('2018060600000000042', 'ISBN 981-2592-17-2', 'TPEL02', '2');
INSERT INTO `book_copies` VALUES ('2018060600000000043', 'ISBN 981-2592-17-2', 'TPEL04', '2');
INSERT INTO `book_copies` VALUES ('2018060600000000044', 'ISBN 0-321-31252-X', 'TPEL01', '3');
INSERT INTO `book_copies` VALUES ('2018060600000000045', 'ISBN 0-89006-206-4', 'TPEL01', '5');
INSERT INTO `book_copies` VALUES ('2018060600000000046', 'ISBN 0-89006-206-4', 'TPEL02', '2');
INSERT INTO `book_copies` VALUES ('2018060600000000047', 'ISBN 0-89006-206-4', 'TPEL03', '3');
INSERT INTO `book_copies` VALUES ('2018060600000000048', 'ISBN 0-89006-206-4', 'TPEL05', '1');
INSERT INTO `book_copies` VALUES ('2018060600000000049', 'ISBN 0-89006-206-4', 'TPEL06', '2');
INSERT INTO `book_copies` VALUES ('2018060600000000050', 'ISBN 0-89006-206-4', 'TPEL08', '2');
INSERT INTO `book_copies` VALUES ('2018060600000000051', 'ISBN 0-471-85068-3', 'TPEL01', '7');
INSERT INTO `book_copies` VALUES ('2018060600000000052', 'ISBN 0-471-85068-3', 'TPEL02', '2');
INSERT INTO `book_copies` VALUES ('2018060600000000053', 'ISBN 0-471-85068-3', 'TPEL03', '3');
INSERT INTO `book_copies` VALUES ('2018060600000000054', 'ISBN 0-471-85068-3', 'TPEL04', '3');
INSERT INTO `book_copies` VALUES ('2018060600000000055', 'ISBN 0-471-85068-3', 'TPEL06', '2');
INSERT INTO `book_copies` VALUES ('2018060600000000056', 'ISBN 0-7803-1131-0', 'TPEL01', '6');
INSERT INTO `book_copies` VALUES ('2018060600000000057', 'ISBN 0-8306-8710-6', 'TPEL01', '8');
INSERT INTO `book_copies` VALUES ('2018060600000000058', 'ISBN 0-8306-8710-6', 'TPEL02', '2');
INSERT INTO `book_copies` VALUES ('2018060600000000059', 'ISBN 0-8306-8710-6', 'TPEL03', '2');
INSERT INTO `book_copies` VALUES ('2018060600000000060', 'ISBN 0-8306-8710-6', 'TPEL04', '2');
INSERT INTO `book_copies` VALUES ('2018060600000000061', 'ISBN 0-8306-8710-6', 'TPEL05', '2');
INSERT INTO `book_copies` VALUES ('2018060600000000062', 'ISBN 0-8306-8710-6', 'TPEL06', '2');
INSERT INTO `book_copies` VALUES ('2018060600000000063', 'ISBN 0-8306-8710-6', 'TPEL07', '3');
INSERT INTO `book_copies` VALUES ('2018060600000000064', 'ISBN 0-8306-8710-6', 'TPEL08', '2');
INSERT INTO `book_copies` VALUES ('2018060600000000065', 'ISBN 0-87942-274-2', 'TPEL01', '5');
INSERT INTO `book_copies` VALUES ('2018060600000000066', 'ISBN 1-55860-369-7', 'TPEL01', '5');
INSERT INTO `book_copies` VALUES ('2018060600000000067', 'ISBN 1-55860-369-7', 'TPEL05', '2');
INSERT INTO `book_copies` VALUES ('2018060600000000068', 'ISBN 1-55860-369-7', 'TPEL07', '1');
INSERT INTO `book_copies` VALUES ('2018060600000000069', 'ISBN 1-55860-369-7', 'TPEL08', '2');
INSERT INTO `book_copies` VALUES ('2018060600000000070', 'ISBN 1-4020-7357-7', 'TPEL01', '8');
INSERT INTO `book_copies` VALUES ('2018060600000000071', 'ISBN 1-4020-7357-7', 'TPEL03', '2');
INSERT INTO `book_copies` VALUES ('2018060600000000072', 'ISBN 1-4020-7357-7', 'TPEL05', '2');
INSERT INTO `book_copies` VALUES ('2018060600000000073', 'ISBM 0-471-85894-3', 'TPEL01', '10');
INSERT INTO `book_copies` VALUES ('2018060600000000074', 'ISBM 0-07-137590-2', 'TPEL01', '10');
INSERT INTO `book_copies` VALUES ('2018060600000000075', 'ISBM 0-07-137590-2', 'TPEL05', '2');
INSERT INTO `book_copies` VALUES ('2018060600000000076', 'ISBM 0-07-137590-2', 'TPEL06', '2');
INSERT INTO `book_copies` VALUES ('2018060600000000077', 'ISBN 0-201-64859-8', 'TPEL01', '9');
INSERT INTO `book_copies` VALUES ('2018060600000000078', 'ISBN 0-672-32157-2', 'TPEL01', '5');
INSERT INTO `book_copies` VALUES ('2018060600000000079', 'ISBN 0-672-32157-2', 'TPEL02', '2');
INSERT INTO `book_copies` VALUES ('2018060600000000080', 'ISBN 0-672-32157-2', 'TPEL03', '2');
INSERT INTO `book_copies` VALUES ('2018060600000000081', 'ISBN 0-471-93976-5', 'TPEL01', '5');
INSERT INTO `book_copies` VALUES ('2018060600000000082', 'ISBN 0-8053-1684-1', 'TPEL01', '5');
INSERT INTO `book_copies` VALUES ('2018060600000000083', 'ISBN 1-55860-343-3', 'TPEL01', '5');
INSERT INTO `book_copies` VALUES ('2018060600000000084', 'ISBN 0-201-61599-1', 'TPEL01', '5');
INSERT INTO `book_copies` VALUES ('2018060600000000085', 'ISBN 0-201-61599-1', 'TPEL03', '2');
INSERT INTO `book_copies` VALUES ('2018060600000000086', 'ISBN 1-55860-466-9', 'TPEL01', '7');
INSERT INTO `book_copies` VALUES ('2018060600000000087', 'ISBN 1-55860-466-9', 'TPEL02', '2');
INSERT INTO `book_copies` VALUES ('2018060600000000088', 'ISBN 1-55860-466-9', 'TPEL03', '2');
INSERT INTO `book_copies` VALUES ('2018060600000000089', 'ISBN 1-55860-466-9', 'TPEL04', '2');
INSERT INTO `book_copies` VALUES ('2018060600000000090', 'ISBN 1-55860-466-9', 'TPEL05', '1');
INSERT INTO `book_copies` VALUES ('2018060600000000091', 'ISBN 0-07-136097-2', 'TPEL01', '7');
INSERT INTO `book_copies` VALUES ('2018060600000000092', 'ISBN 0-07-136097-2', 'TPEL02', '2');
INSERT INTO `book_copies` VALUES ('2018060600000000093', 'ISBN 0-07-136097-2', 'TPEL03', '3');
INSERT INTO `book_copies` VALUES ('2018060600000000094', 'ISBN 0-07-136097-2', 'TPEL04', '3');
INSERT INTO `book_copies` VALUES ('2018060600000000095', 'ISBN 0-07-136097-2', 'TPEL06', '4');
INSERT INTO `book_copies` VALUES ('2018060600000000096', 'ISBN 0-201-63467-8', 'TPEL01', '5');
INSERT INTO `book_copies` VALUES ('2018060600000000097', 'ISBN 0-201-63467-8', 'TPEL02', '3');
INSERT INTO `book_copies` VALUES ('2018060600000000098', 'ISBN 0-201-63467-8', 'TPEL03', '3');
INSERT INTO `book_copies` VALUES ('2018060600000000099', 'ISBN 0-201-63467-8', 'TPEL04', '3');
INSERT INTO `book_copies` VALUES ('2018060600000000100', 'ISBN 0-201-63467-8', 'TPEL05', '3');
INSERT INTO `book_copies` VALUES ('2018060600000000101', 'ISBN 0-201-63467-8', 'TPEL06', '3');
INSERT INTO `book_copies` VALUES ('2018060600000000102', 'ISBN 0-201-63467-8', 'TPEL07', '3');
INSERT INTO `book_copies` VALUES ('2018060600000000103', 'ISBN 0-201-63467-8', 'TPEL08', '4');
INSERT INTO `book_copies` VALUES ('2018060600000000104', 'ISBN 978-0-471-79147-8', 'TPEL01', '7');
INSERT INTO `book_copies` VALUES ('2018060600000000105', 'ISBN 978-0-471-79147-8', 'TPEL02', '2');
INSERT INTO `book_copies` VALUES ('2018060600000000106', 'ISBN 978-0-471-79147-8', 'TPEL03', '2');
INSERT INTO `book_copies` VALUES ('2018060600000000107', 'ISBN 978-0-471-79147-8', 'TPEL04', '2');
INSERT INTO `book_copies` VALUES ('2018060600000000108', 'ISBN 978-0-471-79147-8', 'TPEL05', '2');
INSERT INTO `book_copies` VALUES ('2018060600000000109', 'ISBN 978-0-471-79147-8', 'TPEL06', '2');
INSERT INTO `book_copies` VALUES ('2018060600000000110', 'ISBN 978-0-471-79147-8', 'TPEL07', '3');
INSERT INTO `book_copies` VALUES ('2018060600000000111', 'ISBN 978-0-471-79147-8', 'TPEL08', '3');
INSERT INTO `book_copies` VALUES ('2018060600000000112', 'ISBN 978-986-6996-72-6', 'TPEL01', '6');
INSERT INTO `book_copies` VALUES ('2018060600000000113', 'ISBN 978-986-6996-72-6', 'TPEL03', '2');
INSERT INTO `book_copies` VALUES ('2018060600000000114', 'ISBN 978-986-6996-72-6', 'TPEL04', '2');
INSERT INTO `book_copies` VALUES ('2018060600000000115', 'ISBN 978-986-6996-72-6', 'TPEL06', '3');
INSERT INTO `book_copies` VALUES ('2018060600000000116', 'ISBN 978-957-08-3281-5', 'TPEL01', '5');
INSERT INTO `book_copies` VALUES ('2018060600000000117', 'ISBN 978-986-6137-06-8', 'TPEL01', '5');
INSERT INTO `book_copies` VALUES ('2018060600000000118', 'ISBN 978-986-6137-08-2', 'TPEL01', '5');
INSERT INTO `book_copies` VALUES ('2018060600000000119', 'ISBN 978-986-6137-09-9', 'TPEL01', '7');
INSERT INTO `book_copies` VALUES ('2018060600000000120', 'ISBN 978-986-6137-09-9', 'TPEL02', '2');
INSERT INTO `book_copies` VALUES ('2018060600000000121', 'ISBN 978-986-6137-09-9', 'TPEL03', '2');
INSERT INTO `book_copies` VALUES ('2018060600000000122', 'ISBN 978-986-6137-09-9', 'TPEL05', '2');
INSERT INTO `book_copies` VALUES ('2018060600000000123', 'ISBN 978-986-6137-09-9', 'TPEL07', '4');
INSERT INTO `book_copies` VALUES ('2018060600000000124', 'ISBN 978-986-6137-09-9', 'TPEL08', '2');
INSERT INTO `book_copies` VALUES ('2018060600000000125', 'ISBN 978-957-32-6244-2', 'TPEL01', '8');
INSERT INTO `book_copies` VALUES ('2018060600000000126', 'ISBN 978-986-7881-86-1', 'TPEL01', '8');
INSERT INTO `book_copies` VALUES ('2018060600000000127', 'ISBN 962-8885-56-1', 'TPEL01', '7');
INSERT INTO `book_copies` VALUES ('2018060600000000128', 'ISBN 978-986-173-524-5', 'TPEL01', '6');
INSERT INTO `book_copies` VALUES ('2018060600000000129', 'ISBN 978-986-173-525-2', 'TPEL01', '6');
INSERT INTO `book_copies` VALUES ('2018060600000000130', 'ISBN 978-986-173-525-2', 'TPEL03', '2');
INSERT INTO `book_copies` VALUES ('2018060600000000131', 'ISBN 978-986-173-525-2', 'TPEL05', '2');
INSERT INTO `book_copies` VALUES ('2018060600000000132', 'ISBN 978-957-32-6637-2', 'TPEL01', '7');
INSERT INTO `book_copies` VALUES ('2018060600000000133', 'ISBN 978-957-32-6637-2', 'TPEL03', '2');
INSERT INTO `book_copies` VALUES ('2018060600000000134', 'ISBN 978-957-32-6637-2', 'TPEL05', '2');
INSERT INTO `book_copies` VALUES ('2018060600000000135', 'ISBN 978-986-120-576-2', 'TPEL01', '5');
INSERT INTO `book_copies` VALUES ('2018060600000000136', 'ISBN 978-986-7103-09-2', 'TPEL01', '5');
INSERT INTO `book_copies` VALUES ('2018060600000000137', 'ISBN 978-986-7103-09-2', 'TPEL04', '2');
INSERT INTO `book_copies` VALUES ('2018060600000000138', 'ISBN 978-986-7103-09-2', 'TPEL05', '2');
INSERT INTO `book_copies` VALUES ('2018060600000000139', 'ISBN 978-986-7103-09-2', 'TPEL07', '3');
INSERT INTO `book_copies` VALUES ('2018060600000000140', 'ISBN 978-986-7103-09-2', 'TPEL08', '2');
INSERT INTO `book_copies` VALUES ('2018060600000000141', 'ISBN 978-957-455-827-4', 'TPEL01', '6');
INSERT INTO `book_copies` VALUES ('2018060600000000142', 'ISBN 978-986-85311-7-8', 'TPEL01', '7');
INSERT INTO `book_copies` VALUES ('2018060600000000143', 'ISBN 978-986-85311-7-8', 'TPEL03', '4');
INSERT INTO `book_copies` VALUES ('2018060600000000144', 'ISBN 978-986-85311-7-8', 'TPEL04', '4');
INSERT INTO `book_copies` VALUES ('2018060600000000145', 'ISBN 978-986-85311-7-8', 'TPEL05', '4');
INSERT INTO `book_copies` VALUES ('2018060600000000146', 'ISBN 978-986-85311-7-8', 'TPEL06', '4');
INSERT INTO `book_copies` VALUES ('2018060600000000147', 'ISBN 978-986-85311-7-8', 'TPEL07', '5');
INSERT INTO `book_copies` VALUES ('2018060600000000148', 'ISBN 978-986-85311-7-8', 'TPEL08', '3');
INSERT INTO `book_copies` VALUES ('2018060600000000149', 'ISBN 978-986-6723-44-5', 'TPEL01', '8');
INSERT INTO `book_copies` VALUES ('2018060600000000150', 'ISBN 978-986-6118-24-1', 'TPEL01', '8');
INSERT INTO `book_copies` VALUES ('2018060600000000151', 'ISBN 978-986-6118-24-1', 'TPEL04', '2');
INSERT INTO `book_copies` VALUES ('2018060600000000152', 'ISBN 978-986-6118-24-1', 'TPEL05', '1');
INSERT INTO `book_copies` VALUES ('2018060600000000153', 'ISBN 978-986-6118-24-1', 'TPEL07', '2');
INSERT INTO `book_copies` VALUES ('2018060600000000154', 'ISBN 978-986-6118-24-2', 'TPEL01', '8');
INSERT INTO `book_copies` VALUES ('2018060600000000155', 'ISBN 978-986-241-126-1', 'TPEL01', '2');
INSERT INTO `book_copies` VALUES ('2018060600000000156', 'ISBN 978-986-241-126-1', 'TPEL03', '3');
INSERT INTO `book_copies` VALUES ('2018060600000000157', 'ISBN 978-986-241-126-1', 'TPEL04', '3');
INSERT INTO `book_copies` VALUES ('2018060600000000158', 'ISBN 978-986-241-126-1', 'TPEL05', '3');
INSERT INTO `book_copies` VALUES ('2018060600000000159', 'ISBN 978-986-417-774-5', 'TPEL01', '8');
INSERT INTO `book_copies` VALUES ('2018060600000000160', 'ISBN 978-986-417-535-1', 'TPEL01', '7');
INSERT INTO `book_copies` VALUES ('2018060600000000161', 'ISBN 978-986-417-535-1', 'TPEL06', '2');
INSERT INTO `book_copies` VALUES ('2018060600000000162', 'ISBN 978-986-417-535-1', 'TPEL07', '1');
INSERT INTO `book_copies` VALUES ('2018060600000000163', 'ISBN 978-986-272-119-3', 'TPEL01', '5');
INSERT INTO `book_copies` VALUES ('2018060600000000164', 'ISBN 978-986-272-119-3', 'TPEL02', '2');
INSERT INTO `book_copies` VALUES ('2018060600000000165', 'ISBN 978-986-272-119-3', 'TPEL03', '2');
INSERT INTO `book_copies` VALUES ('2018060600000000166', 'ISBN 978-986-272-119-3', 'TPEL04', '2');
INSERT INTO `book_copies` VALUES ('2018060600000000167', 'ISBN 978-986-272-119-3', 'TPEL05', '2');
INSERT INTO `book_copies` VALUES ('2018060600000000168', 'ISBN 978-986-272-119-3', 'TPEL07', '2');
INSERT INTO `book_copies` VALUES ('2018060600000000169', 'ISBN 978-986-272-119-3', 'TPEL08', '3');
INSERT INTO `book_copies` VALUES ('2018060600000000170', 'ISBN 978-957-32-6981-6', 'TPEL01', '7');
INSERT INTO `book_copies` VALUES ('2018060600000000171', 'ISBN 978-957-32-6981-6', 'TPEL02', '2');
INSERT INTO `book_copies` VALUES ('2018060600000000172', 'ISBN 978-986-241-490-3', 'TPEL01', '2');
INSERT INTO `book_copies` VALUES ('2018060600000000173', 'ISBN 978-986-241-490-3', 'TPEL03', '2');
INSERT INTO `book_copies` VALUES ('2018060600000000174', 'ISBN 978-986-241-490-3', 'TPEL04', '2');
INSERT INTO `book_copies` VALUES ('2018060600000000175', 'ISBN 978-986-241-490-3', 'TPEL05', '2');
INSERT INTO `book_copies` VALUES ('2018060600000000176', 'ISBN 978-986-216-402-0', 'TPEL01', '3');
INSERT INTO `book_copies` VALUES ('2018060600000000177', 'ISBN 978-986-417-775-2', 'TPEL01', '3');
INSERT INTO `book_copies` VALUES ('2018060600000000178', 'ISBN 978-986-417-775-2', 'TPEL02', '2');
INSERT INTO `book_copies` VALUES ('2018060600000000179', 'ISBN 978-986-417-775-2', 'TPEL03', '2');
INSERT INTO `book_copies` VALUES ('2018060600000000180', 'ISBN 978-986-417-775-2', 'TPEL04', '1');
INSERT INTO `book_copies` VALUES ('2018060600000000181', 'ISBN 978-986-417-775-2', 'TPEL05', '1');
INSERT INTO `book_copies` VALUES ('2018060600000000182', 'ISBN 978-986-417-775-2', 'TPEL06', '2');
INSERT INTO `book_copies` VALUES ('2018060600000000183', 'ISBN 978-986-417-776-9', 'TPEL01', '8');
INSERT INTO `book_copies` VALUES ('2018060600000000184', 'ISBN 978-986-417-776-9', 'TPEL02', '2');
INSERT INTO `book_copies` VALUES ('2018060600000000185', 'ISBN 978-986-417-776-9', 'TPEL03', '2');
INSERT INTO `book_copies` VALUES ('2018060600000000186', 'ISBN 978-986-417-776-9', 'TPEL04', '2');
INSERT INTO `book_copies` VALUES ('2018060600000000187', 'ISBN 978-986-417-776-9', 'TPEL05', '2');
INSERT INTO `book_copies` VALUES ('2018060600000000188', 'ISBN 978-986-417-776-9', 'TPEL06', '2');
INSERT INTO `book_copies` VALUES ('2018060600000000189', 'ISBN 978-986-417-776-9', 'TPEL07', '2');
INSERT INTO `book_copies` VALUES ('2018060600000000190', 'ISBN 978-986-417-776-9', 'TPEL08', '2');
INSERT INTO `book_copies` VALUES ('2018060600000000191', 'ISBN 978-986-417-777-6', 'TPEL01', '5');
INSERT INTO `book_copies` VALUES ('2018060600000000192', 'ISBN 978-986-417-777-6', 'TPEL02', '3');
INSERT INTO `book_copies` VALUES ('2018060600000000193', 'ISBN 978-986-417-777-6', 'TPEL04', '2');
INSERT INTO `book_copies` VALUES ('2018060600000000194', 'ISBN 978-986-417-777-6', 'TPEL05', '2');
INSERT INTO `book_copies` VALUES ('2018060600000000195', 'ISBN 978-986-417-777-6', 'TPEL07', '3');
INSERT INTO `book_copies` VALUES ('2018060600000000196', 'ISBN 978-986-417-777-6', 'TPEL08', '2');
INSERT INTO `book_copies` VALUES ('2018060600000000197', 'ISBN 978-986-417-788-3', 'TPEL01', '5');
INSERT INTO `book_copies` VALUES ('2018060600000000198', 'ISBN 978-986-417-788-3', 'TPEL02', '2');
INSERT INTO `book_copies` VALUES ('2018060600000000199', 'ISBN 978-986-417-788-3', 'TPEL04', '2');
INSERT INTO `book_copies` VALUES ('2018060600000000200', 'ISBN 978-986-417-788-3', 'TPEL06', '2');
INSERT INTO `book_copies` VALUES ('2018060600000000201', 'ISBN 978-986-417-788-3', 'TPEL07', '2');
INSERT INTO `book_copies` VALUES ('2018060600000000202', 'ISBN 978-986-417-788-3', 'TPEL08', '4');
INSERT INTO `book_copies` VALUES ('2018060600000000203', 'ISBN 0-87337-075-9', 'TPEL01', '6');
INSERT INTO `book_copies` VALUES ('2018060600000000204', 'ISBN 0-87337-075-9', 'TPEL02', '2');
INSERT INTO `book_copies` VALUES ('2018060600000000205', 'ISBN 0-87337-075-9', 'TPEL03', '2');
INSERT INTO `book_copies` VALUES ('2018060600000000206', 'ISBN 0-87337-075-9', 'TPEL04', '5');
INSERT INTO `book_copies` VALUES ('2018060600000000207', 'ISBN 0-87337-075-9', 'TPEL05', '1');
INSERT INTO `book_copies` VALUES ('2018060600000000208', 'ISBN 0-87337-075-9', 'TPEL06', '2');
INSERT INTO `book_copies` VALUES ('2018060600000000209', 'ISBN 0-87337-075-9', 'TPEL07', '3');
INSERT INTO `book_copies` VALUES ('2018060600000000210', 'ISBN 0-87337-075-9', 'TPEL08', '3');

-- ----------------------------
-- Table structure for book_loans
-- ----------------------------
DROP TABLE IF EXISTS `book_loans`;
CREATE TABLE `book_loans` (
  `systemId` bigint(20) NOT NULL DEFAULT '0',
  `BookId` varchar(50) DEFAULT NULL,
  `BranchId` varchar(30) DEFAULT NULL,
  `CardNo` varchar(30) DEFAULT NULL,
  `DateOut` date DEFAULT NULL,
  `DueDate` date DEFAULT NULL,
  PRIMARY KEY (`systemId`),
  KEY `relate_book3` (`BookId`),
  KEY `relate_branch2` (`BranchId`),
  KEY `relate_card1` (`CardNo`),
  CONSTRAINT `relate_book3` FOREIGN KEY (`BookId`) REFERENCES `book` (`BookId`),
  CONSTRAINT `relate_branch2` FOREIGN KEY (`BranchId`) REFERENCES `library_branch` (`BranchId`),
  CONSTRAINT `relate_card1` FOREIGN KEY (`CardNo`) REFERENCES `borrower` (`CardNo`)
) ENGINE=InnoDB DEFAULT CHARSET=utf8;

-- ----------------------------
-- Records of book_loans
-- ----------------------------
INSERT INTO `book_loans` VALUES ('2018060600000000001', 'ISBN 978-986-6118-24-1', 'TPEL01', 'H21345007', '2018-05-19', '2018-06-16');
INSERT INTO `book_loans` VALUES ('2018060600000000002', 'ISBN 978-986-6118-24-2', 'TPEL01', 'H21345007', '2087-05-19', '2087-06-16');
INSERT INTO `book_loans` VALUES ('2018060600000000003', 'ISBN 978-986-6137-06-8', 'TPEL01', 'M32107007', '2018-05-21', '2018-06-18');
INSERT INTO `book_loans` VALUES ('2018060600000000004', 'ISBN 978-986-6137-08-2', 'TPEL01', 'M32107007', '2018-05-21', '2018-06-18');
INSERT INTO `book_loans` VALUES ('2018060600000000005', 'ISBN 978-986-6137-09-9', 'TPEL01', 'M32107007', '2018-05-30', '2018-06-27');
INSERT INTO `book_loans` VALUES ('2018060600000000006', 'ISBN 0-321-42724-7', 'TPEL02', 'N12345002', '2018-05-25', '2018-06-22');
INSERT INTO `book_loans` VALUES ('2018060600000000007', 'ISBN 0-321-41502-X', 'TPEL01', 'N12345002', '2018-05-03', '2018-05-31');
INSERT INTO `book_loans` VALUES ('2018060600000000008', 'ISBN 0-321-41442-X', 'TPEL01', 'N12345002', '2018-05-03', '2018-05-31');
INSERT INTO `book_loans` VALUES ('2018060600000000009', 'ISBN 0-321-41442-X', 'TPEL02', 'F52314001', '2018-04-30', '2018-05-28');
INSERT INTO `book_loans` VALUES ('2018060600000000010', 'ISBN 0-07-112268-0', 'TPEL01', 'F52314001', '2018-04-30', '2018-05-28');
INSERT INTO `book_loans` VALUES ('2018060600000000011', 'ISBN 0-07-112268-0', 'TPEL01', 'F52314003', '2017-06-02', '2017-06-30');
INSERT INTO `book_loans` VALUES ('2018060600000000012', 'ISBN 0-321-42724-7', 'TPEL04', 'F52314003', '2018-05-03', '2018-05-31');
INSERT INTO `book_loans` VALUES ('2018060600000000013', 'ISBN 0-321-41442-X', 'TPEL03', 'F52314003', '2018-05-27', '2018-06-24');
INSERT INTO `book_loans` VALUES ('2018060600000000014', 'ISBM 0-471-85894-3', 'TPEL01', 'F52314003', '2018-05-03', '2018-05-31');
INSERT INTO `book_loans` VALUES ('2018060600000000015', 'ISBN 0-321-41442-X', 'TPEL02', 'F52314002', '2018-03-20', '2018-04-17');
INSERT INTO `book_loans` VALUES ('2018060600000000016', 'ISBN 0-07-112268-0', 'TPEL01', 'N12345023', '2018-05-30', '2018-06-27');
INSERT INTO `book_loans` VALUES ('2018060600000000017', 'ISBN 978-986-6137-08-2', 'TPEL01', 'F52314002', '2018-05-30', '2018-06-27');
INSERT INTO `book_loans` VALUES ('2018060600000000018', 'ISBM 0-471-85894-3', 'TPEL01', 'F52314002', '2018-05-30', '2018-06-27');
INSERT INTO `book_loans` VALUES ('2018060600000000019', 'ISBN 978-957-32-6637-2', 'TPEL03', 'M32107002', '2018-05-25', '2018-06-22');
INSERT INTO `book_loans` VALUES ('2018060600000000020', 'ISBN 978-986-417-775-2', 'TPEL01', 'M32107002', '2018-05-03', '2018-05-31');
INSERT INTO `book_loans` VALUES ('2018060600000000021', 'ISBN 0-07-112268-0', 'TPEL01', 'M32107002', '2018-05-03', '2018-05-31');
INSERT INTO `book_loans` VALUES ('2018060600000000022', 'ISBN 978-986-417-775-2', 'TPEL02', 'H21345001', '2018-05-27', '2018-06-24');
INSERT INTO `book_loans` VALUES ('2018060600000000023', 'ISBN 0-321-41442-X', 'TPEL03', 'H21345001', '2018-05-28', '2018-06-25');
INSERT INTO `book_loans` VALUES ('2018060600000000024', 'ISBN 978-986-417-776-9', 'TPEL02', 'H21345001', '2018-05-27', '2018-06-24');
INSERT INTO `book_loans` VALUES ('2018060600000000025', 'ISBN 1-55860-491-X', 'TPEL01', 'M32107003', '2018-05-24', '2018-06-21');
INSERT INTO `book_loans` VALUES ('2018060600000000026', 'ISBN 981-2592-17-2', 'TPEL01', 'M32107004', '2018-05-14', '2018-06-11');
INSERT INTO `book_loans` VALUES ('2018060600000000027', 'ISBN 978-986-216-402-0', 'TPEL01', 'M32107004', '2018-05-14', '2018-06-11');
INSERT INTO `book_loans` VALUES ('2018060600000000028', 'ISBN 978-986-417-775-2', 'TPEL02', 'M32107004', '2018-06-03', '2018-07-01');
INSERT INTO `book_loans` VALUES ('2018060600000000029', 'ISBN 978-957-32-6637-2', 'TPEL05', 'M32107004', '2018-06-01', '2018-06-29');
INSERT INTO `book_loans` VALUES ('2018060600000000030', 'ISBN 0-201-63467-8', 'TPEL02', 'N12345012', '2018-05-27', '2018-06-24');
INSERT INTO `book_loans` VALUES ('2018060600000000031', 'ISBN 1-55860-491-X', 'TPEL01', 'H21345004', '2018-03-10', '2018-04-07');
INSERT INTO `book_loans` VALUES ('2018060600000000032', 'ISBN 978-986-417-776-9', 'TPEL01', 'H21345005', '2018-04-09', '2018-05-07');
INSERT INTO `book_loans` VALUES ('2018060600000000033', 'ISBN 978-986-417-777-6', 'TPEL01', 'H21345005', '2018-02-09', '2018-03-09');
INSERT INTO `book_loans` VALUES ('2018060600000000034', 'ISBN 1-55860-491-X', 'TPEL01', 'H21345002', '2018-05-21', '2018-06-18');
INSERT INTO `book_loans` VALUES ('2018060600000000035', 'ISBN 0-7803-1131-0', 'TPEL01', 'H21345002', '2018-05-21', '2018-06-18');
INSERT INTO `book_loans` VALUES ('2018060600000000036', 'ISBN 978-986-216-402-0', 'TPEL01', 'H21345002', '2018-05-17', '2018-06-14');
INSERT INTO `book_loans` VALUES ('2018060600000000037', 'ISBN 978-986-417-775-2', 'TPEL01', 'H21345002', '2018-05-31', '2018-06-28');
INSERT INTO `book_loans` VALUES ('2018060600000000038', 'ISBN 0-87337-075-9', 'TPEL01', 'H21345002', '2018-05-18', '2018-06-15');
INSERT INTO `book_loans` VALUES ('2018060600000000044', 'ISBN 981-2592-17-2', 'TPEL01', 'N12345016', '2018-05-03', '2018-05-31');
INSERT INTO `book_loans` VALUES ('2018060600000000045', 'ISBN 978-957-32-6637-2', 'TPEL01', 'N12345016', '2018-05-13', '2018-06-10');
INSERT INTO `book_loans` VALUES ('2018060600000000046', 'ISBN 981-2592-17-2', 'TPEL02', 'M32107001', '2018-05-04', '2018-06-01');
INSERT INTO `book_loans` VALUES ('2018060600000000047', 'ISBN 978-986-417-775-2', 'TPEL01', 'M32107001', '2018-05-22', '2018-06-19');
INSERT INTO `book_loans` VALUES ('2018060600000000048', 'ISBN 978-986-417-776-9', 'TPEL01', 'M32107001', '2018-05-27', '2018-06-24');
INSERT INTO `book_loans` VALUES ('2018060600000000049', 'ISBN 978-986-417-777-6', 'TPEL01', 'F52314006', '2018-05-27', '2018-06-24');
INSERT INTO `book_loans` VALUES ('2018060600000000050', 'ISBN 981-2592-17-2', 'TPEL02', 'F52314006', '2018-03-20', '2018-04-17');
INSERT INTO `book_loans` VALUES ('2018060600000000051', 'ISBN 0-13-0885212-0', 'TPEL01', 'F52314004', '2018-05-04', '2018-06-01');
INSERT INTO `book_loans` VALUES ('2018060600000000052', 'ISBN 978-986-7103-09-2', 'TPEL04', 'H21345006', '2018-05-24', '2018-06-21');
INSERT INTO `book_loans` VALUES ('2018060600000000053', 'ISBN 978-957-455-827-4', 'TPEL01', 'H21345006', '2018-05-29', '2018-06-26');
INSERT INTO `book_loans` VALUES ('2018060600000000054', 'ISBN 978-986-417-775-2', 'TPEL03', 'H21345006', '2018-05-30', '2018-06-27');
INSERT INTO `book_loans` VALUES ('2018060600000000055', 'ISBN 978-986-417-776-9', 'TPEL03', 'H21345006', '2018-05-30', '2018-06-27');
INSERT INTO `book_loans` VALUES ('2018060600000000056', 'ISBN 0-201-63467-8', 'TPEL04', 'N12345011', '2018-05-19', '2018-06-16');
INSERT INTO `book_loans` VALUES ('2018060600000000057', 'ISBN 0-7803-1131-0', 'TPEL01', 'N12345020', '2018-05-26', '2018-06-23');
INSERT INTO `book_loans` VALUES ('2018060600000000058', 'ISBN 978-986-216-402-0', 'TPEL01', 'N12345020', '2018-05-26', '2018-06-23');
INSERT INTO `book_loans` VALUES ('2018060600000000059', 'ISBN 978-986-417-776-9', 'TPEL03', 'N12345020', '2018-05-30', '2018-06-27');
INSERT INTO `book_loans` VALUES ('2018060600000000060', 'ISBN 0-87337-075-9', 'TPEL03', 'N12345020', '2018-05-30', '2018-06-27');
INSERT INTO `book_loans` VALUES ('2018060600000000061', 'ISBN 978-986-417-777-6', 'TPEL04', 'N12345006', '2018-05-19', '2018-06-16');
INSERT INTO `book_loans` VALUES ('2018060600000000062', 'ISBN 981-2592-17-2', 'TPEL04', 'N12345006', '2018-05-19', '2018-06-16');
INSERT INTO `book_loans` VALUES ('2018060600000000063', 'ISBN 978-986-417-776-9', 'TPEL02', 'N12345006', '2018-05-30', '2018-06-27');
INSERT INTO `book_loans` VALUES ('2018060600000000064', 'ISBN 978-986-7103-09-2', 'TPEL07', 'F52314006', '2018-05-04', '2018-06-01');
INSERT INTO `book_loans` VALUES ('2018060600000000065', 'ISBN 978-986-272-119-3', 'TPEL07', 'F52314006', '2018-05-04', '2018-06-01');
INSERT INTO `book_loans` VALUES ('2018060600000000066', 'ISBN 0-7803-1131-0', 'TPEL01', 'N12345003', '2018-05-05', '2018-06-02');
INSERT INTO `book_loans` VALUES ('2018060600000000067', 'ISBN 978-986-417-776-9', 'TPEL01', 'N12345003', '2018-05-05', '2018-06-02');
INSERT INTO `book_loans` VALUES ('2018060600000000068', 'ISBN 978-986-417-777-6', 'TPEL01', 'N12345003', '2018-05-11', '2018-06-08');
INSERT INTO `book_loans` VALUES ('2018060600000000069', 'ISBN 978-986-6137-06-8', 'TPEL01', 'N12345003', '2018-05-28', '2018-06-25');

-- ----------------------------
-- Table structure for borrower
-- ----------------------------
DROP TABLE IF EXISTS `borrower`;
CREATE TABLE `borrower` (
  `systemId` bigint(20) NOT NULL DEFAULT '0',
  `CardNo` varchar(30) DEFAULT NULL,
  `Name` varchar(30) DEFAULT NULL,
  `Address` varchar(255) DEFAULT NULL,
  `Phone` varchar(20) DEFAULT NULL,
  PRIMARY KEY (`systemId`),
  KEY `CardNo` (`CardNo`)
) ENGINE=InnoDB DEFAULT CHARSET=utf8;

-- ----------------------------
-- Records of borrower
-- ----------------------------
INSERT INTO `borrower` VALUES ('2018060600000000001', 'N12345001', '陳冠佐', '台北市基隆路四段43號', '0922123456');
INSERT INTO `borrower` VALUES ('2018060600000000002', 'N12345002', '張凱迪', '台北市基隆路四段43號', '0922123457');
INSERT INTO `borrower` VALUES ('2018060600000000003', 'N12345003', '餘思明', '台北市基隆路四段43號', '0922123458');
INSERT INTO `borrower` VALUES ('2018060600000000004', 'N12345004', '蔡煜章', '台北市基隆路四段43號', '0922123459');
INSERT INTO `borrower` VALUES ('2018060600000000005', 'N12345005', '黃瑞竣', '台北市基隆路四段43號', '0922123460');
INSERT INTO `borrower` VALUES ('2018060600000000006', 'N12345006', '吳柏翰', '台北市基隆路四段43號', '0922123461');
INSERT INTO `borrower` VALUES ('2018060600000000007', 'N12345007', '宋鴻邑', '台北市基隆路四段43號', '0922123462');
INSERT INTO `borrower` VALUES ('2018060600000000008', 'N12345008', '蕭力元', '台北市基隆路四段43號', '0922123463');
INSERT INTO `borrower` VALUES ('2018060600000000009', 'N12345009', '吳俊賢', '台北市基隆路四段43號', '0922123464');
INSERT INTO `borrower` VALUES ('2018060600000000010', 'N12345010', '黃玉龍', '台北市基隆路四段43號', '0922123465');
INSERT INTO `borrower` VALUES ('2018060600000000011', 'N12345011', '吳承翰', '台北市基隆路四段43號', '0922123466');
INSERT INTO `borrower` VALUES ('2018060600000000012', 'N12345012', '余浩平', '台北市基隆路四段43號', '0922123467');
INSERT INTO `borrower` VALUES ('2018060600000000013', 'N12345013', '吳柏欣', '台北市基隆路四段43號', '0922123468');
INSERT INTO `borrower` VALUES ('2018060600000000014', 'N12345014', '林宏學', '台北市基隆路四段43號', '0922123469');
INSERT INTO `borrower` VALUES ('2018060600000000015', 'N12345015', '張新毅', '台北市基隆路四段43號', '0922123470');
INSERT INTO `borrower` VALUES ('2018060600000000016', 'N12345016', '楊凱翔', '台北市基隆路四段43號', '0922123471');
INSERT INTO `borrower` VALUES ('2018060600000000017', 'N12345017', '徐紹恒', '台北市基隆路四段43號', '0922123472');
INSERT INTO `borrower` VALUES ('2018060600000000018', 'N12345019', '劉宏麟', '台北市基隆路四段43號', '0922123474');
INSERT INTO `borrower` VALUES ('2018060600000000019', 'N12345020', '邱柏盛', '台北市基隆路四段43號', '0922123475');
INSERT INTO `borrower` VALUES ('2018060600000000020', 'N12345021', '張敬宗', '台北市基隆路四段43號', '0922123476');
INSERT INTO `borrower` VALUES ('2018060600000000021', 'N12345022', '江浩群', '台北市基隆路四段43號', '0922123567');
INSERT INTO `borrower` VALUES ('2018060600000000022', 'N12345023', '馬小九', '台北市重慶南路一段255號', '0922123477');
INSERT INTO `borrower` VALUES ('2018060600000000023', 'M32107001', '韋小寶', '武俠巿無賴路101號', '9123456789');
INSERT INTO `borrower` VALUES ('2018060600000000024', 'M32107002', '東方不敗', '武俠巿武功一路123號', '9123456790');
INSERT INTO `borrower` VALUES ('2018060600000000025', 'M32107003', '獨孤求敗', '武俠巿大俠路1號', '9123456791');
INSERT INTO `borrower` VALUES ('2018060600000000026', 'M32107004', '令狐沖', '武俠巿浪子路1號', '9123456792');
INSERT INTO `borrower` VALUES ('2018060600000000027', 'M32107005', '任盈盈', '武俠巿聖姑路1-1號', '9123456793');
INSERT INTO `borrower` VALUES ('2018060600000000028', 'M32107006', '岳不群', '武俠巿偽君子路小人巷1號', '9123456794');
INSERT INTO `borrower` VALUES ('2018060600000000029', 'M32107007', '風清揚', '武俠巿大俠路108號', '9123456795');
INSERT INTO `borrower` VALUES ('2018060600000000030', 'H21345001', '孫中山', '古人巿民國1號', '8123456789');
INSERT INTO `borrower` VALUES ('2018060600000000031', 'H21345002', '蔣介石', '古人巿民國5巷11弄7號', '8123456790');
INSERT INTO `borrower` VALUES ('2018060600000000032', 'H21345003', '毛澤東', '古人巿老共路1號', '8123456791');
INSERT INTO `borrower` VALUES ('2018060600000000033', 'H21345004', '鄧小平', '古人巿老共路3號', '8123456792');
INSERT INTO `borrower` VALUES ('2018060600000000034', 'H21345005', '曾國藩', '古人巿大清路1234號', '8123456793');
INSERT INTO `borrower` VALUES ('2018060600000000035', 'H21345006', '黃飛鴻', '古人巿功夫路110號', '8123456794');
INSERT INTO `borrower` VALUES ('2018060600000000036', 'H21345007', '李小龍', '古人巿武打路1號', '8123456795');
INSERT INTO `borrower` VALUES ('2018060600000000037', 'H21345008', '古龍', '古人巿作家路1號', '8123456796');
INSERT INTO `borrower` VALUES ('2018060600000000038', 'F52314001', 'Clinton, Bill', '2145 President Bluv., Washington, DC, USA', '15252314763');
INSERT INTO `borrower` VALUES ('2018060600000000039', 'F52314002', 'Bush, George W.', '3274 President Road, Dallas, Tx, USA', '16037218940');
INSERT INTO `borrower` VALUES ('2018060600000000040', 'F52314003', 'Washington, George', '1001 Late President Road, Washington, DC. USA', '17045123421');
INSERT INTO `borrower` VALUES ('2018060600000000041', 'F52314004', 'Lincoln, Abraham', '1016 Late President Road, Washington, DC. USA', '17045127593');
INSERT INTO `borrower` VALUES ('2018060600000000042', 'F52314005', 'McArthur, Douglas', '1 5-Star General Bluv., Washington, DC, USA', '17047643999');
INSERT INTO `borrower` VALUES ('2018060600000000043', 'F52314006', 'Obama, Barack', '956 Ex President Road, Washington, DC USA', '17047688999');
INSERT INTO `borrower` VALUES ('2018060600000000044', 'F52314007', 'Trump, Donald', '1 Pensovalia Bluv., Washington, DC. USA', '17047688888');
INSERT INTO `borrower` VALUES ('2018060700000000001', 'aa', 'aa', 'aa', 'aa');
INSERT INTO `borrower` VALUES ('2018060700000000002', 'bbb', 'bbb', 'bbb', 'bbb');
INSERT INTO `borrower` VALUES ('2018060700000000003', 'aa123', 'aa', 'aa', 'aaa');

-- ----------------------------
-- Table structure for library_branch
-- ----------------------------
DROP TABLE IF EXISTS `library_branch`;
CREATE TABLE `library_branch` (
  `systemId` bigint(20) NOT NULL DEFAULT '0',
  `BranchId` varchar(20) NOT NULL,
  `BranchName` varchar(50) DEFAULT NULL,
  `Address` varchar(50) DEFAULT NULL,
  PRIMARY KEY (`systemId`,`BranchId`),
  KEY `BranchId` (`BranchId`)
) ENGINE=InnoDB DEFAULT CHARSET=utf8;

-- ----------------------------
-- Records of library_branch
-- ----------------------------
INSERT INTO `library_branch` VALUES ('2018060600000000001', 'TPEL01', '台北巿立圖書館總館', '台北巿信義區信義路四段101號');
INSERT INTO `library_branch` VALUES ('2018060600000000002', 'TPEL02', '台北巿立圖書館中正分館', '台北巿中正區中山南路52號');
INSERT INTO `library_branch` VALUES ('2018060600000000003', 'TPEL03', '台北巿立圖書館中山分館', '台北巿中山區中山北路三段125號');
INSERT INTO `library_branch` VALUES ('2018060600000000004', 'TPEL04', '台北巿立圖書館松山分館', '台北巿松山區敦化北路220巷15號');
INSERT INTO `library_branch` VALUES ('2018060600000000005', 'TPEL05', '台北巿立圖書館文山分館', '台北巿文山區試院路5號');
INSERT INTO `library_branch` VALUES ('2018060600000000006', 'TPEL06', '台北巿立圖書館內湖分館', '台北巿內湖區內湖三段127號');
INSERT INTO `library_branch` VALUES ('2018060600000000007', 'TPEL07', '台北巿立圖書館士林分館', '台北巿士林區士東路82號');
INSERT INTO `library_branch` VALUES ('2018060600000000008', 'TPEL08', '台北巿立圖書館北投分館', '台北巿北投區大業路820號');

-- ----------------------------
-- Table structure for menber
-- ----------------------------
DROP TABLE IF EXISTS `menber`;
CREATE TABLE `menber` (
  `systemId` bigint(20) NOT NULL DEFAULT '0',
  `id` varchar(50) NOT NULL,
  `pass` varchar(255) DEFAULT NULL,
  `name` varchar(50) DEFAULT NULL,
  `address` varchar(255) DEFAULT NULL,
  `birth` date DEFAULT NULL,
  `phone` varchar(20) DEFAULT NULL,
  `sex` tinyint(1) DEFAULT '0',
  `admin` tinyint(1) DEFAULT '0',
  PRIMARY KEY (`systemId`,`id`)
) ENGINE=InnoDB DEFAULT CHARSET=utf8;

-- ----------------------------
-- Records of menber
-- ----------------------------
INSERT INTO `menber` VALUES ('2018060700000000001', 'N12345002', 'a12345678', '張凱迪', '台北市基隆路四段43號', '2018-06-07', '0922123457', '1', '0');
INSERT INTO `menber` VALUES ('2018060700000000002', 'N12345003', 'a12345678', '餘思明', '台北市基隆路四段43號', '2018-06-07', '0922123458', '1', '0');
INSERT INTO `menber` VALUES ('2018060700000000003', 'N12345004', 'a12345678', '蔡煜章', '台北市基隆路四段43號', '2018-06-07', '0922123459', '1', '0');
INSERT INTO `menber` VALUES ('2018060700000000004', 'N12345005', 'a12345678', '黃瑞竣', '台北市基隆路四段43號', '2018-06-07', '0922123460', '1', '0');
INSERT INTO `menber` VALUES ('2018060700000000005', 'N12345006', 'a12345678', '吳柏翰', '台北市基隆路四段43號', '2018-06-07', '0922123461', '1', '0');
INSERT INTO `menber` VALUES ('2018060700000000006', 'N12345007', 'a12345678', '宋鴻邑', '台北市基隆路四段43號', '2018-06-07', '0922123462', '1', '0');
INSERT INTO `menber` VALUES ('2018060700000000007', 'N12345008', 'a12345678', '蕭力元', '台北市基隆路四段43號', '2018-06-07', '0922123463', '1', '0');
INSERT INTO `menber` VALUES ('2018060700000000008', 'N12345009', 'a12345678', '吳俊賢', '台北市基隆路四段43號', '2018-06-07', '0922123464', '1', '0');
INSERT INTO `menber` VALUES ('2018060700000000009', 'N12345010', 'a12345678', '黃玉龍', '台北市基隆路四段43號', '2018-06-07', '0922123465', '1', '0');
INSERT INTO `menber` VALUES ('2018060700000000010', 'N12345011', 'a12345678', '吳承翰', '台北市基隆路四段43號', '2018-06-07', '0922123466', '1', '0');
INSERT INTO `menber` VALUES ('2018060700000000011', 'N12345012', 'a12345678', '余浩平', '台北市基隆路四段43號', '2018-06-07', '0922123467', '1', '0');
INSERT INTO `menber` VALUES ('2018060700000000012', 'N12345013', 'a12345678', '吳柏欣', '台北市基隆路四段43號', '2018-06-07', '0922123468', '0', '0');
INSERT INTO `menber` VALUES ('2018060700000000013', 'N12345014', 'a12345678', '林宏學', '台北市基隆路四段43號', '2018-06-07', '0922123469', '1', '0');
INSERT INTO `menber` VALUES ('2018060700000000014', 'N12345015', 'a12345678', '張新毅', '台北市基隆路四段43號', '2018-06-07', '0922123470', '1', '0');
INSERT INTO `menber` VALUES ('2018060700000000015', 'N12345016', 'a12345678', '楊凱翔', '台北市基隆路四段43號', '2018-06-07', '0922123471', '1', '0');
INSERT INTO `menber` VALUES ('2018060700000000016', 'N12345017', 'a12345678', '徐紹恒', '台北市基隆路四段43號', '2018-06-07', '0922123472', '1', '0');
INSERT INTO `menber` VALUES ('2018060700000000017', 'N12345019', 'a12345678', '劉宏麟', '台北市基隆路四段43號', '2018-06-07', '0922123474', '1', '0');
INSERT INTO `menber` VALUES ('2018060700000000018', 'N12345020', 'a12345678', '邱柏盛', '台北市基隆路四段43號', '2018-06-07', '0922123475', '1', '0');
INSERT INTO `menber` VALUES ('2018060700000000019', 'N12345021', 'a12345678', '張敬宗', '台北市基隆路四段43號', '2018-06-07', '0922123476', '1', '0');
INSERT INTO `menber` VALUES ('2018060700000000020', 'N12345022', 'a12345678', '江浩群', '台北市基隆路四段43號', '2018-06-07', '0922123567', '1', '0');
INSERT INTO `menber` VALUES ('2018060700000000021', 'N12345023', 'a12345678', '馬小九', '台北市重慶南路一段255號', '2018-06-07', '0922123477', '1', '0');
INSERT INTO `menber` VALUES ('2018060700000000022', 'M32107001', 'a12345678', '韋小寶', '武俠巿無賴路101號', '2018-06-07', '9123456789', '1', '0');
INSERT INTO `menber` VALUES ('2018060700000000023', 'M32107002', 'a12345678', '東方不敗', '武俠巿武功一路123號', '2018-06-07', '9123456790', '1', '0');
INSERT INTO `menber` VALUES ('2018060700000000024', 'M32107003', 'a12345678', '獨孤求敗', '武俠巿大俠路1號', '2018-06-07', '9123456791', '1', '0');
INSERT INTO `menber` VALUES ('2018060700000000025', 'M32107004', 'a12345678', '令狐沖', '武俠巿浪子路1號', '2018-06-07', '9123456792', '1', '0');
INSERT INTO `menber` VALUES ('2018060700000000026', 'M32107005', 'a12345678', '任盈盈', '武俠巿聖姑路1-1號', '2018-06-07', '9123456793', '0', '0');
INSERT INTO `menber` VALUES ('2018060700000000027', 'M32107006', 'a12345678', '岳不群', '武俠巿偽君子路小人巷1號', '2018-06-07', '9123456794', '1', '0');
INSERT INTO `menber` VALUES ('2018060700000000028', 'M32107007', 'a12345678', '風清揚', '武俠巿大俠路108號', '2018-06-07', '9123456795', '1', '0');
INSERT INTO `menber` VALUES ('2018060700000000029', 'H21345001', 'a12345678', '孫中山', '古人巿民國1號', '2018-06-07', '8123456789', '1', '0');
INSERT INTO `menber` VALUES ('2018060700000000030', 'H21345002', 'a12345678', '蔣介石', '古人巿民國5巷11弄7號', '2018-06-07', '8123456790', '0', '0');
INSERT INTO `menber` VALUES ('2018060700000000031', 'H21345003', 'a12345678', '毛澤東', '古人巿老共路1號', '2018-06-07', '8123456791', '0', '0');
INSERT INTO `menber` VALUES ('2018060700000000032', 'H21345004', 'a12345678', '鄧小平', '古人巿老共路3號', '2018-06-07', '8123456792', '0', '0');
INSERT INTO `menber` VALUES ('2018060700000000033', 'H21345005', 'a12345678', '曾國藩', '古人巿大清路1234號', '2018-06-07', '8123456793', '0', '0');
INSERT INTO `menber` VALUES ('2018060700000000034', 'H21345006', 'a12345678', '黃飛鴻', '古人巿功夫路110號', '2018-06-07', '8123456794', '0', '0');
INSERT INTO `menber` VALUES ('2018060700000000035', 'H21345007', 'a12345678', '李小龍', '古人巿武打路1號', '2018-06-07', '8123456795', '0', '0');
INSERT INTO `menber` VALUES ('2018060700000000036', 'H21345008', 'a12345678', '古龍', '古人巿作家路1號', '2018-06-07', '8123456796', '0', '0');
INSERT INTO `menber` VALUES ('2018060700000000037', 'F52314001', 'a12345678', 'Clinton, Bill', '2145 President Bluv., Washington, DC, USA', '2018-06-07', '15252314763', '0', '0');
INSERT INTO `menber` VALUES ('2018060700000000038', 'F52314002', 'a12345678', 'Bush, George W.', '3274 President Road, Dallas, Tx, USA', '2018-06-07', '16037218940', '0', '0');
INSERT INTO `menber` VALUES ('2018060700000000039', 'F52314003', 'a12345678', 'Washington, George', '1001 Late President Road, Washington, DC. USA', '2018-06-07', '17045123421', '0', '0');
INSERT INTO `menber` VALUES ('2018060700000000040', 'F52314004', 'a12345678', 'Lincoln, Abraham', '1016 Late President Road, Washington, DC. USA', '2018-06-07', '17045127593', '0', '0');
INSERT INTO `menber` VALUES ('2018060700000000041', 'F52314005', 'a12345678', 'McArthur, Douglas', '1 5-Star General Bluv., Washington, DC, USA', '2018-06-07', '17047643999', '0', '0');
INSERT INTO `menber` VALUES ('2018060700000000042', 'F52314006', 'a12345678', 'Obama, Barack', '956 Ex President Road, Washington, DC USA', '2018-06-07', '17047688999', '0', '0');
INSERT INTO `menber` VALUES ('2018060700000000043', 'F52314007', 'a12345678', 'Trump, Donald', '1 Pensovalia Bluv., Washington, DC. USA', '2018-06-07', '17047688888', '0', '0');
INSERT INTO `menber` VALUES ('2018060700000000044', 'aa', 'aa', 'aa', 'aa', '1999-01-12', 'aa', '0', '0');
INSERT INTO `menber` VALUES ('2018060700000000045', 'bbb', 'bbb', 'bbb', 'bbb', '1999-01-12', 'bbb', '0', '0');
INSERT INTO `menber` VALUES ('2018060700000000046', 'aa123', 'aa', 'aa', 'aa', '1994-01-01', 'aaa', '0', '1');

-- ----------------------------
-- Table structure for publisher
-- ----------------------------
DROP TABLE IF EXISTS `publisher`;
CREATE TABLE `publisher` (
  `systemId` bigint(20) NOT NULL DEFAULT '0',
  `Name` varchar(255) DEFAULT NULL,
  `aAddress` varchar(255) DEFAULT NULL,
  `Phone` varchar(20) DEFAULT NULL,
  PRIMARY KEY (`systemId`),
  KEY `Name` (`Name`)
) ENGINE=InnoDB DEFAULT CHARSET=utf8;

-- ----------------------------
-- Records of publisher
-- ----------------------------
INSERT INTO `publisher` VALUES ('2018060600000000001', 'Addison Wesley', '207 47th St. New York, USA', '7136257799');
INSERT INTO `publisher` VALUES ('2018060600000000002', 'IEEE Press', '1350 Pisgataway Bluv, Yorktown, NJ., USA', '6253027777');
INSERT INTO `publisher` VALUES ('2018060600000000003', 'John Wiley & Sons', '543A 25th Floor 49th St. New York, USA', '7135046688');
INSERT INTO `publisher` VALUES ('2018060600000000004', 'Keiser', 'Suite D, 2543 Sunset Bluv, Los Angeles, CA, USA', '2135253333');
INSERT INTO `publisher` VALUES ('2018060600000000005', 'Kluwer Academic Publishers', '3759 Gateway Road, London, UK', '4523709231');
INSERT INTO `publisher` VALUES ('2018060600000000006', 'McGraw Hill', '557 Havard St, Boston, MA, USA', '5053312277');
INSERT INTO `publisher` VALUES ('2018060600000000007', 'Morgan Kaufmann', '324-521 Melburn Road, Toronto, Canada', '8562345600');
INSERT INTO `publisher` VALUES ('2018060600000000008', 'Pearson', '2463 5th Ave, San Francisco, CA, USA', '7153338000');
INSERT INTO `publisher` VALUES ('2018060600000000009', 'Prentice Hall', '7635 Watergate Ave, Washington DC, USA', '6215002577');
INSERT INTO `publisher` VALUES ('2018060600000000010', 'SAMS', '4732 Lajoja st., San Diago, CA, USA', '4057182444');
INSERT INTO `publisher` VALUES ('2018060600000000011', 'Wiley Interscience', '15A 207 47th St. New York, USA', '7136256700');
INSERT INTO `publisher` VALUES ('2018060600000000012', '人類智庫', '台北市士東路23號五樓', '27371167');
INSERT INTO `publisher` VALUES ('2018060600000000013', '中華書局', '台北市重慶南路一段58號三樓', '82115588');
INSERT INTO `publisher` VALUES ('2018060600000000014', '天下', '台北市信義路三段132號六樓', '27016666');
INSERT INTO `publisher` VALUES ('2018060600000000015', '左岸歷史', '台北市民生東路二段257號二樓', '27136500');
INSERT INTO `publisher` VALUES ('2018060600000000016', '本事文化', '台北市伊通街85號五樓', '22135507');
INSERT INTO `publisher` VALUES ('2018060600000000017', '好讀出版', '台北市成功路二段37巷12號四樓', '85223399');
INSERT INTO `publisher` VALUES ('2018060600000000018', '易博士', '台北市中山北路七段103巷7弄8號', '27176055');
INSERT INTO `publisher` VALUES ('2018060600000000019', '商周出版', '台北市南京東路二段108號十樓', '27175445');
INSERT INTO `publisher` VALUES ('2018060600000000020', '麥田出版', '台北市忠孝東路五段117號四樓', '27123066');
INSERT INTO `publisher` VALUES ('2018060600000000021', '華滋出版', '台北市和平東路一段115號三樓', '27178843');
INSERT INTO `publisher` VALUES ('2018060600000000022', '漢宇國際', '台北市羅斯福路二段106巷15號二樓', '27179822');
INSERT INTO `publisher` VALUES ('2018060600000000023', '遠見天下文化', '台北市敦化北路二段220巷21號七樓', '27135066');
INSERT INTO `publisher` VALUES ('2018060600000000024', '遠流', '台北市天母東路79號六樓', '82334100');
INSERT INTO `publisher` VALUES ('2018060600000000025', '聯經', '台北市瑞光路133號五樓', '85023399');
INSERT INTO `publisher` VALUES ('2018060600000000026', '馥林文化', '台北市內湖路二段331號三樓', '85019679');
INSERT INTO `publisher` VALUES ('2018060600000000027', 'Nolo Press', null, null);
DROP TRIGGER IF EXISTS `book_trigger`;
DELIMITER ;;
CREATE TRIGGER `book_trigger` BEFORE INSERT ON `book` FOR EACH ROW BEGIN
    DECLARE autoNum bigint;

                     SELECT (
		IF (
			(
				SELECT
					MAX(`systemId`)
				FROM
					`book` AS a
				WHERE
					`systemId` LIKE CONCAT(
						DATE_FORMAT(now(), '%Y%m%d'),
						'%'
					)
			) IS NULL,
			DATE_FORMAT(now(), '%Y%m%d00000000001'),
			(
				SELECT
					(MAX(`systemId`) + 1)
				FROM
					`book` AS b
				WHERE
					`systemId` LIKE CONCAT(
						DATE_FORMAT(now(), '%Y%m%d'),
						'%'
					)
			)
		)
	) INTO autoNum;

    IF  NEW.systemId=0  THEN
         SET NEW.systemId = autoNum ; 
   END IF;
END
;;
DELIMITER ;
DROP TRIGGER IF EXISTS `author_trigger`;
DELIMITER ;;
CREATE TRIGGER `author_trigger` BEFORE INSERT ON `book_authors` FOR EACH ROW BEGIN
    DECLARE autoNum bigint;

                     SELECT (
		IF (
			(
				SELECT
					MAX(`systemId`)
				FROM
					`book_authors` AS a
				WHERE
					`systemId` LIKE CONCAT(
						DATE_FORMAT(now(), '%Y%m%d'),
						'%'
					)
			) IS NULL,
			DATE_FORMAT(now(), '%Y%m%d00000000001'),
			(
				SELECT
					(MAX(`systemId`) + 1)
				FROM
					`book_authors` AS b
				WHERE
					`systemId` LIKE CONCAT(
						DATE_FORMAT(now(), '%Y%m%d'),
						'%'
					)
			)
		)
	) INTO autoNum;

    IF  NEW.systemId=0  THEN
         SET NEW.systemId = autoNum ; 
   END IF;
END
;;
DELIMITER ;
DROP TRIGGER IF EXISTS `copies_trigger`;
DELIMITER ;;
CREATE TRIGGER `copies_trigger` BEFORE INSERT ON `book_copies` FOR EACH ROW BEGIN
    DECLARE autoNum bigint;

                     SELECT (
		IF (
			(
				SELECT
					MAX(`systemId`)
				FROM
					`book_copies` AS a
				WHERE
					`systemId` LIKE CONCAT(
						DATE_FORMAT(now(), '%Y%m%d'),
						'%'
					)
			) IS NULL,
			DATE_FORMAT(now(), '%Y%m%d00000000001'),
			(
				SELECT
					(MAX(`systemId`) + 1)
				FROM
					`book_copies` AS b
				WHERE
					`systemId` LIKE CONCAT(
						DATE_FORMAT(now(), '%Y%m%d'),
						'%'
					)
			)
		)
	) INTO autoNum;

    IF  NEW.systemId=0  THEN
         SET NEW.systemId = autoNum ; 
   END IF;
END
;;
DELIMITER ;
DROP TRIGGER IF EXISTS `loan_trigger`;
DELIMITER ;;
CREATE TRIGGER `loan_trigger` BEFORE INSERT ON `book_loans` FOR EACH ROW BEGIN
    DECLARE autoNum bigint;

                     SELECT (
		IF (
			(
				SELECT
					MAX(`systemId`)
				FROM
					`book_loans` AS a
				WHERE
					`systemId` LIKE CONCAT(
						DATE_FORMAT(now(), '%Y%m%d'),
						'%'
					)
			) IS NULL,
			DATE_FORMAT(now(), '%Y%m%d00000000001'),
			(
				SELECT
					(MAX(`systemId`) + 1)
				FROM
					`book_loans` AS b
				WHERE
					`systemId` LIKE CONCAT(
						DATE_FORMAT(now(), '%Y%m%d'),
						'%'
					)
			)
		)
	) INTO autoNum;

    IF  NEW.systemId=0  THEN
         SET NEW.systemId = autoNum ; 
   END IF;
END
;;
DELIMITER ;
DROP TRIGGER IF EXISTS `borrower_trigger`;
DELIMITER ;;
CREATE TRIGGER `borrower_trigger` BEFORE INSERT ON `borrower` FOR EACH ROW BEGIN
    DECLARE autoNum bigint;

                     SELECT (
		IF (
			(
				SELECT
					MAX(`systemId`)
				FROM
					`borrower` AS a
				WHERE
					`systemId` LIKE CONCAT(
						DATE_FORMAT(now(), '%Y%m%d'),
						'%'
					)
			) IS NULL,
			DATE_FORMAT(now(), '%Y%m%d00000000001'),
			(
				SELECT
					(MAX(`systemId`) + 1)
				FROM
					`borrower` AS b
				WHERE
					`systemId` LIKE CONCAT(
						DATE_FORMAT(now(), '%Y%m%d'),
						'%'
					)
			)
		)
	) INTO autoNum;

    IF  NEW.systemId=0  THEN
         SET NEW.systemId = autoNum ; 
   END IF;
END
;;
DELIMITER ;
DROP TRIGGER IF EXISTS `branch_trigger`;
DELIMITER ;;
CREATE TRIGGER `branch_trigger` BEFORE INSERT ON `library_branch` FOR EACH ROW BEGIN
    DECLARE autoNum bigint;

                     SELECT (
		IF (
			(
				SELECT
					MAX(`systemId`)
				FROM
					`library_branch` AS a
				WHERE
					`systemId` LIKE CONCAT(
						DATE_FORMAT(now(), '%Y%m%d'),
						'%'
					)
			) IS NULL,
			DATE_FORMAT(now(), '%Y%m%d00000000001'),
			(
				SELECT
					(MAX(`systemId`) + 1)
				FROM
					`library_branch` AS b
				WHERE
					`systemId` LIKE CONCAT(
						DATE_FORMAT(now(), '%Y%m%d'),
						'%'
					)
			)
		)
	) INTO autoNum;

    IF  NEW.systemId=0  THEN
         SET NEW.systemId = autoNum ; 
   END IF;
END
;;
DELIMITER ;
DROP TRIGGER IF EXISTS `menber1_trigger`;
DELIMITER ;;
CREATE TRIGGER `menber1_trigger` BEFORE INSERT ON `menber` FOR EACH ROW BEGIN
    DECLARE autoNum bigint;

                     SELECT (
		IF (
			(
				SELECT
					MAX(`systemId`)
				FROM
					`menber` AS a
				WHERE
					`systemId` LIKE CONCAT(
						DATE_FORMAT(now(), '%Y%m%d'),
						'%'
					)
			) IS NULL,
			DATE_FORMAT(now(), '%Y%m%d00000000001'),
			(
				SELECT
					(MAX(`systemId`) + 1)
				FROM
					`menber` AS b
				WHERE
					`systemId` LIKE CONCAT(
						DATE_FORMAT(now(), '%Y%m%d'),
						'%'
					)
			)
		)
	) INTO autoNum;

    IF  NEW.systemId=0  THEN
         SET NEW.systemId = autoNum ; 
   END IF;
END
;;
DELIMITER ;
DROP TRIGGER IF EXISTS `publisher_trigger`;
DELIMITER ;;
CREATE TRIGGER `publisher_trigger` BEFORE INSERT ON `publisher` FOR EACH ROW BEGIN
    DECLARE autoNum bigint;

                     SELECT (
		IF (
			(
				SELECT
					MAX(`systemId`)
				FROM
					`publisher` AS a
				WHERE
					`systemId` LIKE CONCAT(
						DATE_FORMAT(now(), '%Y%m%d'),
						'%'
					)
			) IS NULL,
			DATE_FORMAT(now(), '%Y%m%d00000000001'),
			(
				SELECT
					(MAX(`systemId`) + 1)
				FROM
					`publisher` AS b
				WHERE
					`systemId` LIKE CONCAT(
						DATE_FORMAT(now(), '%Y%m%d'),
						'%'
					)
			)
		)
	) INTO autoNum;

    IF  NEW.systemId=0  THEN
         SET NEW.systemId = autoNum ; 
   END IF;
END
;;
DELIMITER ;
